﻿<?xml version="1.0" encoding="utf-8" ?>
<Defs>

  <ThingDef ParentName="UnfinishedBase">
    <defName>Politics_UnfinishedPolemic</defName>
    <label>unfinished polemic</label>
    <graphicData>
      <texPath>Things/Item/Unfinished/UnfinishedPolemic</texPath>
      <graphicClass>Graphic_Single</graphicClass>
    </graphicData>
    <stuffCategories>
      <li>Fabric</li>
      <li>Leathery</li>
    </stuffCategories>
  </ThingDef>
  
   <ThingDef ParentName="UnfinishedBase">
    <defName>Politics_UnfinishedApologetic</defName>
    <label>unfinished apologetic</label>
    <graphicData>
      <texPath>Things/Item/Unfinished/UnfinishedPolemic</texPath>
      <graphicClass>Graphic_Single</graphicClass>
    </graphicData>
    <stuffCategories>
      <li>Fabric</li>
      <li>Leathery</li>
    </stuffCategories>
  </ThingDef> 

</Defs>