<?xml version="1.0" encoding="utf-8" ?>
<Defs>
	<PoliticsandReligions.TraitDef_ReligionsTrait>
    	<defName>ReligionsAtheist</defName>
		<commonality>20</commonality>
    	<degreeDatas>
      	<li>
        	<label>Atheist</label>
        	<description>{PAWN_nameDef} lacks faith.</description>
      	</li>
    	</degreeDatas>
    	<conflictingTraits>
		<li>PoliticsTheocrat</li>
    	<li>ReligionsAntitheist</li>
		<li>ReligionsAgnostic</li>
		<li>ReligionsChristian</li>
    	<li>ReligionsJudaism</li>
		<li>ReligionsTaoism</li>
		<li>ReligionsBuddhism</li>
		<li>ReligionsSikhism</li>
		<li>ReligionsHinduism</li>
		<li>ReligionsJainism</li>
		<li>ReligionsZoroastrianism</li>
		<li>ReligionsIslamic</li>
		<li>ReligionsPagan</li>
		<li>ReligionsMysticism</li>
		<li>ReligionsMother</li>
		<li>ReligionsFather</li>
		<li>ReligionsArchon</li>
		<li>ReligionsAnimism</li>
		<li>ReligionsSacrifice</li> 
		</conflictingTraits>
 	  <ReligionsDifferent>
		<li>ReligionsChristian</li>
   		<li>ReligionsJudaism</li>
		<li>ReligionsTaoism</li>
		<li>ReligionsBuddhism</li>
		<li>ReligionsSikhism</li>
		<li>ReligionsHinduism</li>
		<li>ReligionsJainism</li>
		<li>ReligionsZoroastrianism</li>
		<li>ReligionsIslamic</li>
		<li>ReligionsPagan</li>
		<li>ReligionsMysticism</li>
		<li>ReligionsMother</li>
		<li>ReligionsFather</li>
		<li>ReligionsArchon</li>
		<li>ReligionsAnimism</li>
		</ReligionsDifferent>
	  <ReligionsIntolerable>
		<li>ReligionsSacrifice</li>	  
	  </ReligionsIntolerable>
	  <isExotheology>false</isExotheology>
	</PoliticsandReligions.TraitDef_ReligionsTrait>

  <PoliticsandReligions.TraitDef_ReligionsTrait>
      <defName>ReligionsAntitheist</defName>
    <commonality>5</commonality>
      <degreeDatas>
        <li>
          <label>Antitheist</label>
          <description>{PAWN_nameDef} hates the faithful.</description>
        </li>
      </degreeDatas>
      <conflictingTraits>
		<li>PoliticsTheocrat</li>	  
        <li>ReligionsAtheist</li>
		<li>ReligionsChristian</li>
    	<li>ReligionsJudaism</li>
		<li>ReligionsTaoism</li>
		<li>ReligionsBuddhism</li>
		<li>ReligionsSikhism</li>
		<li>ReligionsHinduism</li>
		<li>ReligionsJainism</li>
		<li>ReligionsZoroastrianism</li>
		<li>ReligionsIslamic</li>
		<li>ReligionsPagan</li>
		<li>ReligionsMysticism</li>
		<li>ReligionsMother</li>
		<li>ReligionsFather</li>
		<li>ReligionsArchon</li>
		<li>ReligionsAnimism</li>
		<li>ReligionsSacrifice</li>	  
      </conflictingTraits>  
	  <ReligionsIntolerable>
		<li>ReligionsChristian</li>
   		<li>ReligionsJudaism</li>
		<li>ReligionsTaoism</li>
		<li>ReligionsBuddhism</li>
		<li>ReligionsSikhism</li>
		<li>ReligionsHinduism</li>
		<li>ReligionsJainism</li>
		<li>ReligionsZoroastrianism</li>
		<li>ReligionsIslamic</li>
		<li>ReligionsPagan</li>
		<li>ReligionsMysticism</li>
		<li>ReligionsMother</li>
		<li>ReligionsFather</li>
		<li>ReligionsArchon</li>
		<li>ReligionsAnimism</li>
		<li>ReligionsSacrifice</li>	  
		</ReligionsIntolerable>
	  <isExotheology>false</isExotheology>		
  </PoliticsandReligions.TraitDef_ReligionsTrait>
  
  <PoliticsandReligions.TraitDef_ReligionsTrait>
      <defName>ReligionsAgnostic</defName>
    <commonality>5</commonality>
      <degreeDatas>
        <li>
          <label>Agnostic</label>
          <description>{PAWN_nameDef} entertains the possibility of a deity.</description>
        </li>
      </degreeDatas>
      <conflictingTraits>
		<li>PoliticsTheocrat</li>	  
        <li>ReligionsAtheist</li>
		<li>ReligionsAntitheist</li>
		<li>ReligionsChristian</li>
    	<li>ReligionsJudaism</li>
		<li>ReligionsTaoism</li>
		<li>ReligionsBuddhism</li>
		<li>ReligionsSikhism</li>
		<li>ReligionsHinduism</li>
		<li>ReligionsJainism</li>
		<li>ReligionsZoroastrianism</li>
		<li>ReligionsIslamic</li>
		<li>ReligionsPagan</li>
		<li>ReligionsMysticism</li>
		<li>ReligionsMother</li>
		<li>ReligionsFather</li>
		<li>ReligionsArchon</li>
		<li>ReligionsAnimism</li>
		<li>ReligionsSacrifice</li>
      </conflictingTraits>
	  <ReligionsIntolerable>
		<li>ReligionsSacrifice</li>	  
	  </ReligionsIntolerable>
	  	  <isExotheology>false</isExotheology>
  </PoliticsandReligions.TraitDef_ReligionsTrait>

  <PoliticsandReligions.TraitDef_ReligionsTrait>
    	<defName>ReligionsChristian</defName>
		<commonality>40</commonality>
    	<degreeDatas>
      	<li>
        	<label>Christian Faith</label>
        	<description>{PAWN_nameDef} believes in Christ.</description>
      	</li>
    	</degreeDatas>
		<conflictingTraits>
    		<li>ReligionsAtheist</li>  	
			<li>ReligionsAntitheist</li>  	
			<li>ReligionsAgnostic</li>
			<li>ReligionsJudaism</li>
			<li>ReligionsTaoism</li>
			<li>ReligionsBuddhism</li>
			<li>ReligionsSikhism</li>
			<li>ReligionsHinduism</li>
			<li>ReligionsJainism</li>
			<li>ReligionsZoroastrianism</li>
			<li>ReligionsIslamic</li>
			<li>ReligionsPagan</li>
			<li>ReligionsMysticism</li>
			<li>ReligionsMother</li>
			<li>ReligionsFather</li>
			<li>ReligionsArchon</li>
			<li>ReligionsAnimism</li>
			<li>ReligionsSacrifice</li>
		</conflictingTraits>
		<ReligionsDifferent>
		    <li>ReligionsAtheist</li>  
    		<li>ReligionsJudaism</li>
			<li>ReligionsTaoism</li>
			<li>ReligionsBuddhism</li>
			<li>ReligionsSikhism</li>
			<li>ReligionsHinduism</li>
			<li>ReligionsJainism</li>
			<li>ReligionsZoroastrianism</li>
			<li>ReligionsIslamic</li>
			<li>ReligionsPagan</li>
		</ReligionsDifferent>
		<ReligionsIntolerable>
			<li>ReligionsAntitheist</li>  	
			<li>ReligionsMysticism</li>
			<li>ReligionsMother</li>
			<li>ReligionsFather</li>
			<li>ReligionsArchon</li>
			<li>ReligionsAnimism</li>
			<li>ReligionsSacrifice</li>
		</ReligionsIntolerable>
		<isExotheology>true</isExotheology>
    </PoliticsandReligions.TraitDef_ReligionsTrait>

    <PoliticsandReligions.TraitDef_ReligionsTrait>
    	<defName>ReligionsJudaism</defName>
		<commonality>2.5</commonality>
    	<degreeDatas>
      	<li>
        	<label>Jewish Faith</label>
        	<description>{PAWN_nameDef} believes in Judaism.</description>
      	</li>
    	</degreeDatas>
		<conflictingTraits>
			<li>ReligionsAtheist</li>  	
			<li>ReligionsAntitheist</li>  	
			<li>ReligionsAgnostic</li>
			<li>ReligionsChristian</li>
			<li>ReligionsTaoism</li>
			<li>ReligionsBuddhism</li>
			<li>ReligionsSikhism</li>
			<li>ReligionsHinduism</li>
			<li>ReligionsJainism</li>
			<li>ReligionsZoroastrianism</li>
			<li>ReligionsIslamic</li>
			<li>ReligionsPagan</li>
			<li>ReligionsMysticism</li>
			<li>ReligionsMother</li>
			<li>ReligionsFather</li>
			<li>ReligionsArchon</li>
			<li>ReligionsAnimism</li>
			<li>ReligionsSacrifice</li>
		</conflictingTraits>
		<ReligionsDifferent>
			<li>ReligionsAtheist</li>
			<li>ReligionsChristian</li>
			<li>ReligionsTaoism</li>
			<li>ReligionsBuddhism</li>
			<li>ReligionsSikhism</li>
			<li>ReligionsHinduism</li>
			<li>ReligionsJainism</li>
			<li>ReligionsZoroastrianism</li>
			<li>ReligionsIslamic</li>
			<li>ReligionsPagan</li>
		</ReligionsDifferent>
		<ReligionsIntolerable>
			<li>ReligionsAntitheist</li>  	
			<li>ReligionsMysticism</li>
			<li>ReligionsMother</li>
			<li>ReligionsFather</li>
			<li>ReligionsArchon</li>
			<li>ReligionsAnimism</li>
			<li>ReligionsSacrifice</li>
		</ReligionsIntolerable>
		<isExotheology>true</isExotheology>
    </PoliticsandReligions.TraitDef_ReligionsTrait> 

    <PoliticsandReligions.TraitDef_ReligionsTrait>
    	<defName>ReligionsTaoism</defName>
		<commonality>5.0</commonality>
    	<degreeDatas>
      	<li>
        	<label>Taoist Faith</label>
        	<description>{PAWN_nameDef} believes in Taoism.</description>
      	</li>
    	</degreeDatas>
    	<conflictingTraits>
    		<li>ReligionsAtheist</li>  	
			<li>ReligionsAntitheist</li>
			<li>ReligionsAgnostic</li>  			
			<li>ReligionsChristian</li>
    		<li>ReligionsJudaism</li>
			<li>ReligionsBuddhism</li>
			<li>ReligionsSikhism</li>
			<li>ReligionsHinduism</li>
			<li>ReligionsJainism</li>
			<li>ReligionsZoroastrianism</li>
			<li>ReligionsIslamic</li>
			<li>ReligionsPagan</li>
			<li>ReligionsMysticism</li>
			<li>ReligionsMother</li>
			<li>ReligionsFather</li>
			<li>ReligionsArchon</li>
			<li>ReligionsAnimism</li>
			<li>ReligionsSacrifice</li>
			</conflictingTraits>
		<ReligionsDifferent>
			<li>ReligionsAtheist</li>
			<li>ReligionsChristian</li>
    		<li>ReligionsJudaism</li>
			<li>ReligionsBuddhism</li>
			<li>ReligionsSikhism</li>
			<li>ReligionsHinduism</li>
			<li>ReligionsJainism</li>
			<li>ReligionsZoroastrianism</li>
			<li>ReligionsIslamic</li>
			<li>ReligionsPagan</li>
		</ReligionsDifferent>
		<ReligionsIntolerable>
			<li>ReligionsAntitheist</li>  	
			<li>ReligionsMysticism</li>
			<li>ReligionsMother</li>
			<li>ReligionsFather</li>
			<li>ReligionsArchon</li>
			<li>ReligionsAnimism</li>
			<li>ReligionsSacrifice</li>
		</ReligionsIntolerable>
		<isExotheology>true</isExotheology>
  </PoliticsandReligions.TraitDef_ReligionsTrait>  	

    <PoliticsandReligions.TraitDef_ReligionsTrait>
    	<defName>ReligionsBuddhism</defName>
		<commonality>15.0</commonality>
    	<degreeDatas>
      	<li>
        	<label>Buddhist Faith</label>
        	<description>{PAWN_nameDef} believes in Buddhism.</description>
      	</li>
    	</degreeDatas>
    	<conflictingTraits>
    		<li>ReligionsAtheist</li>  	
			<li>ReligionsAntitheist</li>
			<li>ReligionsAgnostic</li>			
			<li>ReligionsChristian</li>
    		<li>ReligionsJudaism</li>
			<li>ReligionsTaoism</li>
			<li>ReligionsSikhism</li>
			<li>ReligionsHinduism</li>
			<li>ReligionsJainism</li>
			<li>ReligionsZoroastrianism</li>
			<li>ReligionsIslamic</li>
			<li>ReligionsPagan</li>
			<li>ReligionsMysticism</li>
			<li>ReligionsMother</li>
			<li>ReligionsFather</li>
			<li>ReligionsArchon</li>
			<li>ReligionsAnimism</li>
			<li>ReligionsSacrifice</li>
			</conflictingTraits>
		<ReligionsDifferent>
			<li>ReligionsAtheist</li>
			<li>ReligionsChristian</li>
    		<li>ReligionsJudaism</li>
			<li>ReligionsTaoism</li>
			<li>ReligionsSikhism</li>
			<li>ReligionsHinduism</li>
			<li>ReligionsJainism</li>
			<li>ReligionsZoroastrianism</li>
			<li>ReligionsIslamic</li>
			<li>ReligionsPagan</li>
		</ReligionsDifferent>
		<ReligionsIntolerable>
			<li>ReligionsAntitheist</li>  	
			<li>ReligionsMysticism</li>
			<li>ReligionsMother</li>
			<li>ReligionsFather</li>
			<li>ReligionsArchon</li>
			<li>ReligionsAnimism</li>
			<li>ReligionsSacrifice</li>
		</ReligionsIntolerable>	
		<isExotheology>true</isExotheology>
  </PoliticsandReligions.TraitDef_ReligionsTrait>  

    <PoliticsandReligions.TraitDef_ReligionsTrait>
    	<defName>ReligionsSikhism</defName>
		<commonality>5.0</commonality>
    	<degreeDatas>
      	<li>
        	<label>Sikh Faith</label>
        	<description>{PAWN_nameDef} believes in Sikhism.</description>
      	</li>
    	</degreeDatas>
    	<conflictingTraits>
    		<li>ReligionsAtheist</li>  	
			<li>ReligionsAntitheist</li>
			<li>ReligionsAgnostic</li>			
			<li>ReligionsChristian</li>
    		<li>ReligionsJudaism</li>
			<li>ReligionsTaoism</li>
			<li>ReligionsBuddhism</li>
			<li>ReligionsHinduism</li>
			<li>ReligionsJainism</li>
			<li>ReligionsZoroastrianism</li>
			<li>ReligionsIslamic</li>
			<li>ReligionsPagan</li>
			<li>ReligionsMysticism</li>
			<li>ReligionsMother</li>
			<li>ReligionsFather</li>
			<li>ReligionsArchon</li>
			<li>ReligionsAnimism</li>
			<li>ReligionsSacrifice</li>
			</conflictingTraits>
		<ReligionsDifferent>
			<li>ReligionsAtheist</li>
			<li>ReligionsChristian</li>
    		<li>ReligionsJudaism</li>
			<li>ReligionsTaoism</li>
			<li>ReligionsBuddhism</li>
			<li>ReligionsHinduism</li>
			<li>ReligionsJainism</li>
			<li>ReligionsZoroastrianism</li>			
			<li>ReligionsIslamic</li>
			<li>ReligionsPagan</li>
		</ReligionsDifferent>
		<ReligionsIntolerable>
			<li>ReligionsAntitheist</li>  	
			<li>ReligionsMysticism</li>
			<li>ReligionsMother</li>
			<li>ReligionsFather</li>
			<li>ReligionsArchon</li>
			<li>ReligionsAnimism</li>
			<li>ReligionsSacrifice</li>
		</ReligionsIntolerable>
		<isExotheology>true</isExotheology>
  </PoliticsandReligions.TraitDef_ReligionsTrait>

    <PoliticsandReligions.TraitDef_ReligionsTrait>
    	<defName>ReligionsHinduism</defName>
		<commonality>5.0</commonality>
    	<degreeDatas>
      	<li>
        	<label>Hindu Faith</label>
        	<description>{PAWN_nameDef} believes in Hinduism.</description>
      	</li>
    	</degreeDatas>
    	<conflictingTraits>
			<li>ReligionsAtheist</li>  	
			<li>ReligionsAntitheist</li>
			<li>ReligionsAgnostic</li>			
			<li>ReligionsChristian</li>
    		<li>ReligionsJudaism</li>
			<li>ReligionsTaoism</li>
			<li>ReligionsBuddhism</li>
			<li>ReligionsSikhism</li>
			<li>ReligionsJainism</li>
			<li>ReligionsZoroastrianism</li>
			<li>ReligionsIslamic</li>
			<li>ReligionsPagan</li>
			<li>ReligionsMysticism</li>
			<li>ReligionsMother</li>
			<li>ReligionsFather</li>
			<li>ReligionsArchon</li>
			<li>ReligionsAnimism</li>
			<li>ReligionsSacrifice</li>
			</conflictingTraits>
		<ReligionsDifferent>
			<li>ReligionsAtheist</li>
			<li>ReligionsChristian</li>
    		<li>ReligionsJudaism</li>
			<li>ReligionsTaoism</li>
			<li>ReligionsSikhism</li>
			<li>ReligionsBuddhism</li>
			<li>ReligionsJainism</li>
			<li>ReligionsZoroastrianism</li>
			<li>ReligionsIslamic</li>
			<li>ReligionsPagan</li>
		</ReligionsDifferent>
		<ReligionsIntolerable>
			<li>ReligionsAntitheist</li>  	
			<li>ReligionsMysticism</li>
			<li>ReligionsMother</li>
			<li>ReligionsFather</li>
			<li>ReligionsArchon</li>
			<li>ReligionsAnimism</li>
			<li>ReligionsSacrifice</li>
		</ReligionsIntolerable>
		<isExotheology>true</isExotheology>
  </PoliticsandReligions.TraitDef_ReligionsTrait>  

    <PoliticsandReligions.TraitDef_ReligionsTrait>
    	<defName>ReligionsJainism</defName>
		<commonality>5.0</commonality>
    	<degreeDatas>
      	<li>
        	<label>Jain Faith</label>
        	<description>{PAWN_nameDef} believes in Jainism.</description>
      	</li>
    	</degreeDatas>
    	<conflictingTraits>
			<li>ReligionsAtheist</li>  	
			<li>ReligionsAntitheist</li>
			<li>ReligionsAgnostic</li>			
			<li>ReligionsChristian</li>
    		<li>ReligionsJudaism</li>
			<li>ReligionsTaoism</li>
			<li>ReligionsBuddhism</li>
			<li>ReligionsSikhism</li>
			<li>ReligionsHinduism</li>
			<li>ReligionsZoroastrianism</li>
			<li>ReligionsIslamic</li>
			<li>ReligionsPagan</li>
			<li>ReligionsMysticism</li>
			<li>ReligionsMother</li>
			<li>ReligionsFather</li>
			<li>ReligionsArchon</li>
			<li>ReligionsAnimism</li>
			<li>ReligionsSacrifice</li>
			</conflictingTraits>
		<ReligionsDifferent>
			<li>ReligionsAtheist</li>
			<li>ReligionsChristian</li>
    		<li>ReligionsJudaism</li>
			<li>ReligionsTaoism</li>
			<li>ReligionsSikhism</li>
			<li>ReligionsBuddhism</li>
			<li>ReligionsHinduism</li>
			<li>ReligionsZoroastrianism</li>
			<li>ReligionsIslamic</li>
			<li>ReligionsPagan</li>
		</ReligionsDifferent>
		<ReligionsIntolerable>
			<li>ReligionsAntitheist</li>  	
			<li>ReligionsMysticism</li>
			<li>ReligionsMother</li>
			<li>ReligionsFather</li>
			<li>ReligionsArchon</li>
			<li>ReligionsAnimism</li>
			<li>ReligionsSacrifice</li>
		</ReligionsIntolerable>
		<isExotheology>true</isExotheology>
  </PoliticsandReligions.TraitDef_ReligionsTrait>  
  
      <PoliticsandReligions.TraitDef_ReligionsTrait>
    	<defName>ReligionsZoroastrianism</defName>
		<commonality>5.0</commonality>
    	<degreeDatas>
      	<li>
        	<label>Zoroastrian Faith</label>
        	<description>{PAWN_nameDef} believes in Zoroastrianism.</description>
      	</li>
    	</degreeDatas>
    	<conflictingTraits>
			<li>ReligionsAtheist</li>  	
			<li>ReligionsAntitheist</li>
			<li>ReligionsAgnostic</li>			
			<li>ReligionsChristian</li>
    		<li>ReligionsJudaism</li>
			<li>ReligionsTaoism</li>
			<li>ReligionsBuddhism</li>
			<li>ReligionsSikhism</li>
			<li>ReligionsHinduism</li>
			<li>ReligionsJainism</li>
			<li>ReligionsIslamic</li>
			<li>ReligionsPagan</li>
			<li>ReligionsMysticism</li>
			<li>ReligionsMother</li>
			<li>ReligionsFather</li>
			<li>ReligionsArchon</li>
			<li>ReligionsAnimism</li>
			<li>ReligionsSacrifice</li>
			</conflictingTraits>
		<ReligionsDifferent>
			<li>ReligionsAtheist</li>
			<li>ReligionsChristian</li>
    		<li>ReligionsJudaism</li>
			<li>ReligionsTaoism</li>
			<li>ReligionsSikhism</li>
			<li>ReligionsBuddhism</li>
			<li>ReligionsHinduism</li>
			<li>ReligionsJainism</li>			
			<li>ReligionsIslamic</li>
			<li>ReligionsPagan</li>
		</ReligionsDifferent>
		<ReligionsIntolerable>
			<li>ReligionsAntitheist</li>  	
			<li>ReligionsMysticism</li>
			<li>ReligionsMother</li>
			<li>ReligionsFather</li>
			<li>ReligionsArchon</li>
			<li>ReligionsAnimism</li>
			<li>ReligionsSacrifice</li>
		</ReligionsIntolerable>
		<isExotheology>true</isExotheology>
  </PoliticsandReligions.TraitDef_ReligionsTrait>  
  
    <PoliticsandReligions.TraitDef_ReligionsTrait>
    	<defName>ReligionsIslamic</defName>
		<commonality>25.0</commonality>
    	<degreeDatas>
      	<li>
        	<label>Islamic Faith</label>
        	<description>{PAWN_nameDef} believes in Islam.</description>
      	</li>
    	</degreeDatas>
    	<conflictingTraits>
    		<li>ReligionsAtheist</li>  	
			<li>ReligionsAntitheist</li>
			<li>ReligionsAgnostic</li>			
			<li>ReligionsChristian</li>
    		<li>ReligionsJudaism</li>
			<li>ReligionsTaoism</li>
			<li>ReligionsBuddhism</li>
			<li>ReligionsSikhism</li>
			<li>ReligionsHinduism</li>
			<li>ReligionsJainism</li>
			<li>ReligionsZoroastrianism</li>
			<li>ReligionsPagan</li>
			<li>ReligionsMysticism</li>
			<li>ReligionsMother</li>
			<li>ReligionsFather</li>
			<li>ReligionsArchon</li>
			<li>ReligionsAnimism</li>
			<li>ReligionsSacrifice</li>
			</conflictingTraits>
		<ReligionsDifferent>
			<li>ReligionsAtheist</li>
			<li>ReligionsChristian</li>
    		<li>ReligionsJudaism</li>
			<li>ReligionsTaoism</li>
			<li>ReligionsBuddhism</li>
			<li>ReligionsHinduism</li>
			<li>ReligionsSikhism</li>
			<li>ReligionsPagan</li>
		</ReligionsDifferent>
		<ReligionsIntolerable>
			<li>ReligionsAntitheist</li>  	
			<li>ReligionsMysticism</li>
			<li>ReligionsMother</li>
			<li>ReligionsFather</li>
			<li>ReligionsArchon</li>
			<li>ReligionsAnimism</li>
			<li>ReligionsSacrifice</li>
		</ReligionsIntolerable>	
		<isExotheology>true</isExotheology>
  </PoliticsandReligions.TraitDef_ReligionsTrait>
  
      <PoliticsandReligions.TraitDef_ReligionsTrait>
    	<defName>ReligionsPagan</defName>
		<commonality>30.0</commonality>
    	<degreeDatas>
      	<li>
        	<label>Pagan Faith</label>
        	<description>{PAWN_nameDef} believes in Paganism.</description>
      	</li>
    	</degreeDatas>
    	<conflictingTraits>
    		<li>ReligionsAtheist</li>  	
			<li>ReligionsAntitheist</li>
			<li>ReligionsAgnostic</li>			
			<li>ReligionsChristian</li>
    		<li>ReligionsJudaism</li>
			<li>ReligionsTaoism</li>
			<li>ReligionsBuddhism</li>
			<li>ReligionsSikhism</li>
			<li>ReligionsHinduism</li>
			<li>ReligionsJainism</li>
			<li>ReligionsZoroastrianism</li>
			<li>ReligionsIslamic</li>
			<li>ReligionsMysticism</li>
			<li>ReligionsMother</li>
			<li>ReligionsFather</li>
			<li>ReligionsArchon</li>
			<li>ReligionsAnimism</li>
			<li>ReligionsSacrifice</li>
			</conflictingTraits>
		<ReligionsDifferent>
			<li>ReligionsAtheist</li>
			<li>ReligionsChristian</li>
    		<li>ReligionsJudaism</li>
			<li>ReligionsTaoism</li>
			<li>ReligionsBuddhism</li>
			<li>ReligionsSikhism</li>
			<li>ReligionsHinduism</li>
			<li>ReligionsJainism</li>
			<li>ReligionsZoroastrianism</li>
			<li>ReligionsIslamic</li>
		</ReligionsDifferent>
		<ReligionsIntolerable>
			<li>ReligionsAntitheist</li>  	
			<li>ReligionsMysticism</li>
			<li>ReligionsMother</li>
			<li>ReligionsFather</li>
			<li>ReligionsArchon</li>
			<li>ReligionsAnimism</li>
			<li>ReligionsSacrifice</li>
		</ReligionsIntolerable>
		<isExotheology>true</isExotheology>
  </PoliticsandReligions.TraitDef_ReligionsTrait>
  
  <PoliticsandReligions.TraitDef_ReligionsTrait>
    	<defName>ReligionsMysticism</defName>
		<commonality>1.0</commonality>
    	<degreeDatas>
      	<li>
        	<label>Mystery School</label>
        	<description>{PAWN_nameDef} believes in Mysticism.</description>
      	</li>
    	</degreeDatas>
    	<conflictingTraits>		    
    		<li>ReligionsAtheist</li>  	
			<li>ReligionsAntitheist</li>
			<li>ReligionsAgnostic</li>			
			<li>ReligionsChristian</li>
    		<li>ReligionsJudaism</li>
			<li>ReligionsTaoism</li>
			<li>ReligionsBuddhism</li>
			<li>ReligionsSikhism</li>
			<li>ReligionsHinduism</li>
			<li>ReligionsJainism</li>
			<li>ReligionsZoroastrianism</li>
			<li>ReligionsIslamic</li>
			<li>ReligionsPagan</li>
			<li>ReligionsMother</li>
			<li>ReligionsFather</li>
			<li>ReligionsArchon</li>
			<li>ReligionsAnimism</li>
			<li>ReligionsSacrifice</li>
			</conflictingTraits>
		<ReligionsDifferent>
			<li>ReligionsAtheist</li>
			<li>ReligionsMother</li>
			<li>ReligionsFather</li>
			<li>ReligionsArchon</li>
			<li>ReligionsAnimism</li>
		</ReligionsDifferent>
		<ReligionsIntolerable>
			<li>ReligionsAntitheist</li>  	
			<li>ReligionsChristian</li>
    		<li>ReligionsJudaism</li>
			<li>ReligionsTaoism</li>
			<li>ReligionsBuddhism</li>
			<li>ReligionsSikhism</li>
			<li>ReligionsHinduism</li>
			<li>ReligionsJainism</li>
			<li>ReligionsZoroastrianism</li>
			<li>ReligionsIslamic</li>
			<li>ReligionsPagan</li>
			<li>ReligionsSacrifice</li>
		</ReligionsIntolerable>		
		<isExotheology>false</isExotheology>
  </PoliticsandReligions.TraitDef_ReligionsTrait>

    <PoliticsandReligions.TraitDef_ReligionsTrait>
    	<defName>ReligionsMother</defName>
		<commonality>20</commonality>
    	<degreeDatas>
      	<li>
        	<label>Planet Mother Faith</label>
        	<description>{PAWN_nameDef} believes in the Planet Mother.</description>
      	</li>
    	</degreeDatas>
    	<conflictingTraits>
    		<li>ReligionsAtheist</li>  	
			<li>ReligionsAntitheist</li>
			<li>ReligionsAgnostic</li>			
			<li>ReligionsChristian</li>
    		<li>ReligionsJudaism</li>
			<li>ReligionsTaoism</li>
			<li>ReligionsBuddhism</li>
			<li>ReligionsSikhism</li>
			<li>ReligionsHinduism</li>
			<li>ReligionsJainism</li>
			<li>ReligionsZoroastrianism</li>
			<li>ReligionsIslamic</li>
			<li>ReligionsPagan</li>
			<li>ReligionsMysticism</li>
			<li>ReligionsFather</li>
			<li>ReligionsArchon</li>
			<li>ReligionsAnimism</li>
			<li>ReligionsSacrifice</li>
			</conflictingTraits>
		<ReligionsDifferent>
			<li>ReligionsAtheist</li>
			<li>ReligionsMysticism</li>
			<li>ReligionsFather</li>
			<li>ReligionsArchon</li>
			<li>ReligionsAnimism</li>
		</ReligionsDifferent>
		<ReligionsIntolerable>
			<li>ReligionsAntitheist</li>  	
			<li>ReligionsChristian</li>
    		<li>ReligionsJudaism</li>
			<li>ReligionsTaoism</li>
			<li>ReligionsBuddhism</li>
			<li>ReligionsSikhism</li>
			<li>ReligionsHinduism</li>
			<li>ReligionsJainism</li>
			<li>ReligionsZoroastrianism</li>
			<li>ReligionsIslamic</li>
			<li>ReligionsPagan</li>
			<li>ReligionsSacrifice</li>
		</ReligionsIntolerable>
		<isExotheology>false</isExotheology>
  </PoliticsandReligions.TraitDef_ReligionsTrait>
  
  <PoliticsandReligions.TraitDef_ReligionsTrait>
    	<defName>ReligionsFather</defName>
		<commonality>20</commonality>
    	<degreeDatas>
      	<li>
        	<label>Sky Father Faith</label>
        	<description>{PAWN_nameDef} believes in the Sky Father.</description>
      	</li>
    	</degreeDatas>
    	<conflictingTraits>
    		<li>ReligionsAtheist</li>  	
			<li>ReligionsAntitheist</li>
			<li>ReligionsAgnostic</li>			
			<li>ReligionsChristian</li>
    		<li>ReligionsJudaism</li>
			<li>ReligionsTaoism</li>
			<li>ReligionsBuddhism</li>
			<li>ReligionsSikhism</li>
			<li>ReligionsHinduism</li>
			<li>ReligionsJainism</li>
			<li>ReligionsZoroastrianism</li>
			<li>ReligionsIslamic</li>
			<li>ReligionsPagan</li>
			<li>ReligionsMysticism</li>
			<li>ReligionsMother</li>
			<li>ReligionsArchon</li>
			<li>ReligionsAnimism</li>
			<li>ReligionsSacrifice</li>
			</conflictingTraits>
		<ReligionsDifferent>
			<li>ReligionsAtheist</li>
			<li>ReligionsMysticism</li>
			<li>ReligionsMother</li>
			<li>ReligionsArchon</li>
			<li>ReligionsAnimism</li>
		</ReligionsDifferent>
		<ReligionsIntolerable>
			<li>ReligionsAntitheist</li>  	
			<li>ReligionsChristian</li>
    		<li>ReligionsJudaism</li>
			<li>ReligionsTaoism</li>
			<li>ReligionsBuddhism</li>
			<li>ReligionsSikhism</li>
			<li>ReligionsHinduism</li>
			<li>ReligionsJainism</li>
			<li>ReligionsZoroastrianism</li>
			<li>ReligionsIslamic</li>
			<li>ReligionsPagan</li>
			<li>ReligionsSacrifice</li>
		</ReligionsIntolerable>
			<isExotheology>false</isExotheology>
  </PoliticsandReligions.TraitDef_ReligionsTrait>
  
  <PoliticsandReligions.TraitDef_ReligionsTrait>
    	<defName>ReligionsArchon</defName>
		<commonality>20</commonality>
    	<degreeDatas>
      	<li>
        	<label>Archon Faith</label>
        	<description>{PAWN_nameDef} believes in a warring demiurge.</description>
      	</li>
    	</degreeDatas>
    	<conflictingTraits>
    		<li>ReligionsAtheist</li>  	
			<li>ReligionsAntitheist</li>
			<li>ReligionsAgnostic</li>			
			<li>ReligionsChristian</li>
    		<li>ReligionsJudaism</li>
			<li>ReligionsTaoism</li>
			<li>ReligionsBuddhism</li>
			<li>ReligionsSikhism</li>
			<li>ReligionsHinduism</li>
			<li>ReligionsJainism</li>
			<li>ReligionsZoroastrianism</li>
			<li>ReligionsIslamic</li>
			<li>ReligionsPagan</li>
			<li>ReligionsMysticism</li>
			<li>ReligionsMother</li>
			<li>ReligionsFather</li>
			<li>ReligionsAnimism</li>
			<li>ReligionsSacrifice</li>
			</conflictingTraits>
		<ReligionsDifferent>
			<li>ReligionsAtheist</li>
			<li>ReligionsMysticism</li>
			<li>ReligionsMother</li>
			<li>ReligionsFather</li>
			<li>ReligionsAnimism</li>
		</ReligionsDifferent>
		<ReligionsIntolerable>
			<li>ReligionsAntitheist</li>  	
			<li>ReligionsChristian</li>
    		<li>ReligionsJudaism</li>
			<li>ReligionsTaoism</li>
			<li>ReligionsBuddhism</li>
			<li>ReligionsSikhism</li>
			<li>ReligionsHinduism</li>
			<li>ReligionsJainism</li>
			<li>ReligionsZoroastrianism</li>
			<li>ReligionsIslamic</li>
			<li>ReligionsPagan</li>
			<li>ReligionsSacrifice</li>
		</ReligionsIntolerable>
			<isExotheology>false</isExotheology>
  </PoliticsandReligions.TraitDef_ReligionsTrait>
  
    <PoliticsandReligions.TraitDef_ReligionsTrait>
    	<defName>ReligionsAnimism</defName>
		<commonality>20</commonality>
    	<degreeDatas>
      	<li>
        	<label>Animist Faith</label>
        	<description>{PAWN_nameDef} believes in the spirit world.</description>
      	</li>
    	</degreeDatas>
    	<conflictingTraits>
    		<li>ReligionsAtheist</li>  	
			<li>ReligionsAntitheist</li>
			<li>ReligionsAgnostic</li>			
			<li>ReligionsChristian</li>
    		<li>ReligionsJudaism</li>
			<li>ReligionsTaoism</li>
			<li>ReligionsBuddhism</li>
			<li>ReligionsSikhism</li>
			<li>ReligionsHinduism</li>
			<li>ReligionsJainism</li>
			<li>ReligionsZoroastrianism</li>
			<li>ReligionsIslamic</li>
			<li>ReligionsPagan</li>
			<li>ReligionsMysticism</li>
			<li>ReligionsMother</li>
			<li>ReligionsFather</li>
			<li>ReligionsArchon</li>
			<li>ReligionsSacrifice</li>
			</conflictingTraits>
		<ReligionsDifferent>
			<li>ReligionsAtheist</li>
			<li>ReligionsMysticism</li>
			<li>ReligionsMother</li>
			<li>ReligionsFather</li>
			<li>ReligionsArchon</li>
		</ReligionsDifferent>
		<ReligionsIntolerable>
			<li>ReligionsAntitheist</li>  	
			<li>ReligionsChristian</li>
    		<li>ReligionsJudaism</li>
			<li>ReligionsTaoism</li>
			<li>ReligionsBuddhism</li>
			<li>ReligionsSikhism</li>
			<li>ReligionsHinduism</li>
			<li>ReligionsJainism</li>
			<li>ReligionsZoroastrianism</li>
			<li>ReligionsIslamic</li>
			<li>ReligionsPagan</li>
			<li>ReligionsSacrifice</li>
		</ReligionsIntolerable>
		<isExotheology>false</isExotheology>
  </PoliticsandReligions.TraitDef_ReligionsTrait>
  
    <PoliticsandReligions.TraitDef_ReligionsTrait>
    	<defName>ReligionsSacrifice</defName>
		<commonality>20</commonality>
    	<degreeDatas>
      	<li>
        	<label>Sacrifice Cultist</label>
        	<description>{PAWN_nameDef} is a member of a cult devoted to sacrificing the living.</description>
      	</li>
    	</degreeDatas>
    	<conflictingTraits>
			<li>ReligionsAtheist</li>  	
			<li>ReligionsAntitheist</li>
			<li>ReligionsAgnostic</li>			
			<li>ReligionsChristian</li>
    		<li>ReligionsJudaism</li>
			<li>ReligionsTaoism</li>
			<li>ReligionsBuddhism</li>
			<li>ReligionsSikhism</li>
			<li>ReligionsHinduism</li>
			<li>ReligionsJainism</li>
			<li>ReligionsZoroastrianism</li>
			<li>ReligionsIslamic</li>
			<li>ReligionsPagan</li>
			<li>ReligionsMysticism</li>
			<li>ReligionsMother</li>
			<li>ReligionsFather</li>
			<li>ReligionsArchon</li>
			<li>ReligionsAnimism</li>
	    </conflictingTraits>
		<!-- <ReligionsDifferent>
		
		</ReligionsDifferent> -->
		<ReligionsIntolerable>
			<li>ReligionsAtheist</li>  	
			<li>ReligionsAntitheist</li>
			<li>ReligionsAgnostic</li>
			<li>ReligionsChristian</li>
    		<li>ReligionsJudaism</li>
			<li>ReligionsTaoism</li>
			<li>ReligionsBuddhism</li>
			<li>ReligionsSikhism</li>
			<li>ReligionsHinduism</li>
			<li>ReligionsJainism</li>
			<li>ReligionsZoroastrianism</li>
			<li>ReligionsIslamic</li>
			<li>ReligionsPagan</li>
			<li>ReligionsMysticism</li>
			<li>ReligionsMother</li>
			<li>ReligionsFather</li>
			<li>ReligionsArchon</li>
			<li>ReligionsAnimism</li>
		</ReligionsIntolerable>
		<isExotheology>false</isExotheology>
  </PoliticsandReligions.TraitDef_ReligionsTrait>

</Defs>