<?xml version="1.0" encoding="utf-8" ?>
<Defs>

  <!-- ===================== Test of Faith =========================== -->

  <MentalBreakDef>
    <defName>ReligionsTestofFaithBreak</defName>
    <workerClass>PoliticsandReligions.MentalBreakWorker_ChangeReligions</workerClass>
    <mentalState>ReligionsTestofFaithState</mentalState>
    <baseCommonality>0.5</baseCommonality>
    <intensity>Minor</intensity>
  </MentalBreakDef>	

  <MentalStateDef ParentName="BaseMentalState">
    <defName>ReligionsTestofFaithState</defName>
    <stateClass>MentalState_WanderSad</stateClass>
    <label>test of faith</label>
    <category>Misc</category>
    <minTicksBeforeRecovery>30000</minTicksBeforeRecovery>
    <recoveryMtbDays>0.3</recoveryMtbDays>
    <maxTicksBeforeRecovery>60000</maxTicksBeforeRecovery>
    <recoverFromSleep>true</recoverFromSleep>
    <moodRecoveryThought>Catharsis</moodRecoveryThought>
    <blockNormalThoughts>true</blockNormalThoughts>
    <nameColor>(0.65, 0.9, 0.93)</nameColor>
    <recoveryMessage>{0} is no longer wandering.</recoveryMessage>
    <beginLetterLabel>test of faith</beginLetterLabel>
    <beginLetter>{0} has broken down and is wandering around struggling with a test of faith in [PAWN_possessive] religious views.  [PAWN_pronoun] may have had a change of heart.</beginLetter>
    <beginLetterDef>NegativeEvent</beginLetterDef>
    <baseInspectLine>Mental state: test of faith</baseInspectLine>
    <allowBeatfire>true</allowBeatfire>
    <unspawnedCanDo>true</unspawnedCanDo>
    <escapingPrisonersIgnore>true</escapingPrisonersIgnore>
  </MentalStateDef>

</Defs>