﻿<?xml version="1.0" encoding="utf-8" ?>
<Defs>

  <ResearchProjectDef>
    <defName>PoliticsPolemicsTech</defName>
    <label>polemics</label>
    <description>A well-constructed and aggressive advocacy on behalf of an ideology.  Better writers make better polemics but it will still be difficult to sway the intelligent and free-thinking.</description>
    <tab>PoliticsandReligionsTab</tab>
    <baseCost>800</baseCost>
    <techLevel>Neolithic</techLevel>
    <researchViewX>0</researchViewX>
    <researchViewY>3.0</researchViewY>
	<tags>
      <li>ClassicStart</li>
      <li>TribalStart</li>
    </tags>
  </ResearchProjectDef>

  <ResearchProjectDef>
    <defName>PoliticsPoliticalTheoryTech</defName>
    <label>political theory</label>
    <description>More advanced and complex societies require more advanced and complex methods of administration.  Required to write polemics for advanced forms of government.</description>
    <tab>PoliticsandReligionsTab</tab>
    <baseCost>1200</baseCost>
    <techLevel>Medieval</techLevel>
	<prerequisites>
      <li>PoliticsPolemicsTech</li>
    </prerequisites>
    <researchViewX>1.5</researchViewX>
    <researchViewY>4.5</researchViewY>
	<tags>
      <li>ClassicStart</li>
    </tags>
  </ResearchProjectDef>  

  <ResearchProjectDef>
    <defName>PoliticsExotheologyTech</defName>
    <label>exotheology</label>
    <description>With a little diplomacy and mastery of language it will be possible to write apologetics for off-planet religions.  Required to write apologetics for ancient Earth religions.</description>
    <tab>PoliticsandReligionsTab</tab>
    <baseCost>1200</baseCost>
    <techLevel>Medieval</techLevel>
	<prerequisites>
      <li>PoliticsPolemicsTech</li>
    </prerequisites>
    <researchViewX>1.5</researchViewX>
    <researchViewY>1.5</researchViewY>
	<tags>
      <li>ClassicStart</li>
    </tags>
  </ResearchProjectDef>  
  
</Defs>